{
  "lastModified": "2026-02-25T21:15:01.986Z",
  "files": [
    {
      "shortPath": "l0/README.md",
      "versionRef": "deabcd7239deec20d01222bae8c70a058a1be483",
      "Length": 14,
      "update_at": "2026-02-20T17:49:31.000Z"
    },
    {
      "shortPath": "l2/designSystem.defs.ts",
      "versionRef": "62b8983093c2a6484325eb5fe6823548ec8ed54c",
      "Length": 82,
      "update_at": "2026-02-20T17:54:20.000Z"
    },
    {
      "shortPath": "l2/designSystem.html",
      "versionRef": "407e94c1cf19a0a3117d9d391bd2a1dcb58b4471",
      "Length": 21,
      "update_at": "2026-02-20T17:54:20.000Z"
    },
    {
      "shortPath": "l2/designSystem.less",
      "versionRef": "8304d73c2da8927829b4bca394c06a289823a9f1",
      "Length": 137,
      "update_at": "2026-02-20T17:54:20.000Z"
    },
    {
      "shortPath": "l2/designSystem.test.ts",
      "versionRef": "b75be72f68c6908bbd3d25e793393c8feda70034",
      "Length": 256,
      "update_at": "2026-02-20T17:54:20.000Z"
    },
    {
      "shortPath": "l2/designSystem.ts",
      "versionRef": "94b971d3a8be53162a515ebe811180fd750213bf",
      "Length": 16168,
      "update_at": "2026-02-20T17:54:20.000Z"
    },
    {
      "shortPath": "l2/en/aiFeatures.defs.ts",
      "versionRef": "cb2e539a6fa2ea3befee61843ce2cf250fdc75be",
      "Length": 83,
      "update_at": "2026-02-25T21:14:23.000Z"
    },
    {
      "shortPath": "l2/en/aiFeatures.html",
      "versionRef": "a03f368c6bde73183e4480d00d38ad5d7e1a3846",
      "Length": 49,
      "update_at": "2026-02-25T21:14:23.000Z"
    },
    {
      "shortPath": "l2/en/aiFeatures.less",
      "versionRef": "dabaf138e66a154c0fe2022888197426c097c0f8",
      "Length": 323,
      "update_at": "2026-02-25T21:14:23.000Z"
    },
    {
      "shortPath": "l2/en/aiFeatures.test.ts",
      "versionRef": "97171383bd185f2be649db16b84381404bc219fa",
      "Length": 257,
      "update_at": "2026-02-25T21:14:23.000Z"
    },
    {
      "shortPath": "l2/en/aiFeatures.ts",
      "versionRef": "23db280a02fa63a61aba5830b0e838d68a409e96",
      "Length": 10225,
      "update_at": "2026-02-25T21:14:23.000Z"
    },
    {
      "shortPath": "l2/en/collabMessages.defs.ts",
      "versionRef": "c2b6c380bfcde7e056be485a90376d34bc97ff13",
      "Length": 87,
      "update_at": "2026-02-25T21:14:23.000Z"
    },
    {
      "shortPath": "l2/en/collabMessages.html",
      "versionRef": "4a1547c5578b5277935953c5d6fb864fec874d87",
      "Length": 57,
      "update_at": "2026-02-25T21:14:23.000Z"
    },
    {
      "shortPath": "l2/en/collabMessages.less",
      "versionRef": "721da64b741bf00dee8ac70954dcac27cbf5b8ea",
      "Length": 332,
      "update_at": "2026-02-25T21:14:23.000Z"
    },
    {
      "shortPath": "l2/en/collabMessages.test.ts",
      "versionRef": "8f66ac561638aa45e63bf7ff7fe4b5072b8f60cf",
      "Length": 261,
      "update_at": "2026-02-25T21:14:23.000Z"
    },
    {
      "shortPath": "l2/en/collabMessages.ts",
      "versionRef": "55b38c3ae47c04debc5e7c20ba270cad2d290745",
      "Length": 11122,
      "update_at": "2026-02-25T21:14:23.000Z"
    },
    {
      "shortPath": "l2/en/corporate.defs.ts",
      "versionRef": "fcc1d72c3e9671412234d368dc900dff9ce0a171",
      "Length": 82,
      "update_at": "2026-02-25T21:14:23.000Z"
    },
    {
      "shortPath": "l2/en/corporate.html",
      "versionRef": "ea7e7a9bc05ae3c7e35f976fb6c181eda5d10615",
      "Length": 45,
      "update_at": "2026-02-25T21:14:23.000Z"
    },
    {
      "shortPath": "l2/en/corporate.less",
      "versionRef": "76fb7121b1be0b9b9a158ee0579e0f54fadfe094",
      "Length": 321,
      "update_at": "2026-02-25T21:14:23.000Z"
    },
    {
      "shortPath": "l2/en/corporate.test.ts",
      "versionRef": "8c7844bd8b34d19bed17a02bb7aa7eda8c122e64",
      "Length": 256,
      "update_at": "2026-02-25T21:14:23.000Z"
    },
    {
      "shortPath": "l2/en/corporate.ts",
      "versionRef": "61a77d212ef4a669da1a0bc5d8289eccb1376466",
      "Length": 6664,
      "update_at": "2026-02-25T21:14:23.000Z"
    },
    {
      "shortPath": "l2/en/initial.defs.ts",
      "versionRef": "dd238987f923c52876b2b0497a43ba9775900cbb",
      "Length": 80,
      "update_at": "2026-02-25T21:14:23.000Z"
    },
    {
      "shortPath": "l2/en/initial.html",
      "versionRef": "d815d123a41270ebacac0b942dc3883719f2dc2f",
      "Length": 41,
      "update_at": "2026-02-25T21:14:23.000Z"
    },
    {
      "shortPath": "l2/en/initial.less",
      "versionRef": "a73fb66578966df952c2fdecd4e6051afc620692",
      "Length": 317,
      "update_at": "2026-02-25T21:14:23.000Z"
    },
    {
      "shortPath": "l2/en/initial.test.ts",
      "versionRef": "97871df32034bc3f4e59d67c78dff91bb47023db",
      "Length": 254,
      "update_at": "2026-02-25T21:14:23.000Z"
    },
    {
      "shortPath": "l2/en/initial.ts",
      "versionRef": "cfc65b33487b9e99d9ef06c06df6180ad0267684",
      "Length": 7437,
      "update_at": "2026-02-25T21:14:23.000Z"
    },
    {
      "shortPath": "l2/en/initial2.defs.ts",
      "versionRef": "165fc75b289d399dc2b0cde465e6d0b07847bf8b",
      "Length": 81,
      "update_at": "2026-02-25T21:14:23.000Z"
    },
    {
      "shortPath": "l2/en/initial2.html",
      "versionRef": "8d952677da38bdd173bb0adf9c9e054bdf2b64a8",
      "Length": 43,
      "update_at": "2026-02-25T21:14:23.000Z"
    },
    {
      "shortPath": "l2/en/initial2.less",
      "versionRef": "832b730e6562cebfaf1fd6a72ce01f5969679477",
      "Length": 318,
      "update_at": "2026-02-25T21:14:23.000Z"
    },
    {
      "shortPath": "l2/en/initial2.test.ts",
      "versionRef": "c92e75458caf4dea9dc6a3678efd109aba923507",
      "Length": 255,
      "update_at": "2026-02-25T21:14:23.000Z"
    },
    {
      "shortPath": "l2/en/initial2.ts",
      "versionRef": "4cd8347e4bdc79747bcc73ad5c8ef4cba8036502",
      "Length": 8747,
      "update_at": "2026-02-25T21:14:23.000Z"
    },
    {
      "shortPath": "l2/en/landingpage.defs.ts",
      "versionRef": "469fe2505fa556eea58f23a827f1e86d01093e8a",
      "Length": 84,
      "update_at": "2026-02-25T21:14:23.000Z"
    },
    {
      "shortPath": "l2/en/landingpage.html",
      "versionRef": "032bdca8e49d1b089ffd920744ae016f9c4ace9a",
      "Length": 49,
      "update_at": "2026-02-25T21:14:23.000Z"
    },
    {
      "shortPath": "l2/en/landingpage.less",
      "versionRef": "c0cefdef6445f2d72d6dd2d5b975e07957ce85fb",
      "Length": 324,
      "update_at": "2026-02-25T21:14:23.000Z"
    },
    {
      "shortPath": "l2/en/landingpage.test.ts",
      "versionRef": "d7c1951afb626e25d68876531538a49a034e8e65",
      "Length": 258,
      "update_at": "2026-02-25T21:14:23.000Z"
    },
    {
      "shortPath": "l2/en/landingpage.ts",
      "versionRef": "b1d1f936dc8783d4519024e76598039eb50f6bb7",
      "Length": 13403,
      "update_at": "2026-02-25T21:14:23.000Z"
    },
    {
      "shortPath": "l2/en/policy.defs.ts",
      "versionRef": "2520c45718890680224baba94c7e2c5f88fd2bae",
      "Length": 79,
      "update_at": "2026-02-25T21:14:23.000Z"
    },
    {
      "shortPath": "l2/en/policy.html",
      "versionRef": "d2edba3d5178ba68d4bac756fd363277915136dc",
      "Length": 39,
      "update_at": "2026-02-25T21:14:23.000Z"
    },
    {
      "shortPath": "l2/en/policy.less",
      "versionRef": "6f246827bbadaa2476c3758367c9e5fed065f835",
      "Length": 315,
      "update_at": "2026-02-25T21:14:23.000Z"
    },
    {
      "shortPath": "l2/en/policy.test.ts",
      "versionRef": "ccf77c0ed1dad0b801832977ed9eac8b78d0afea",
      "Length": 253,
      "update_at": "2026-02-25T21:14:23.000Z"
    },
    {
      "shortPath": "l2/en/policy.ts",
      "versionRef": "4c507fcc4c4c43e2d78c1e26ea3f22f66b96f1d8",
      "Length": 9428,
      "update_at": "2026-02-25T21:14:23.000Z"
    },
    {
      "shortPath": "l2/en/terms.defs.ts",
      "versionRef": "ab25948719371643fc91b2db3a92db50eb7b0c22",
      "Length": 78,
      "update_at": "2026-02-25T21:14:23.000Z"
    },
    {
      "shortPath": "l2/en/terms.html",
      "versionRef": "2fdb6ae94b2bad85299ed85e4ccc9a2ca0361060",
      "Length": 37,
      "update_at": "2026-02-25T21:14:23.000Z"
    },
    {
      "shortPath": "l2/en/terms.less",
      "versionRef": "2478ed4a02359bef14fd6b718b0087a4c083a88b",
      "Length": 313,
      "update_at": "2026-02-25T21:14:23.000Z"
    },
    {
      "shortPath": "l2/en/terms.test.ts",
      "versionRef": "cc32778a4afc66cdbef9ffd695b074a36a9837ad",
      "Length": 252,
      "update_at": "2026-02-25T21:14:23.000Z"
    },
    {
      "shortPath": "l2/en/terms.ts",
      "versionRef": "2ac9cd12dff30bc2320300e2aaa1431635d5e140",
      "Length": 10432,
      "update_at": "2026-02-25T21:14:23.000Z"
    },
    {
      "shortPath": "l2/project.defs.ts",
      "versionRef": "de7d83e3ef2dbec408b80ef56cf77832112ee26b",
      "Length": 77,
      "update_at": "2026-02-20T17:54:20.000Z"
    },
    {
      "shortPath": "l2/project.html",
      "versionRef": "88a90cf32ef33346febb29387541246b1be9a2e0",
      "Length": 16,
      "update_at": "2026-02-20T17:54:20.000Z"
    },
    {
      "shortPath": "l2/project.less",
      "versionRef": "c10eeef71c4a8404b27a3b6bf3a975e46794f9f8",
      "Length": 126,
      "update_at": "2026-02-20T17:54:20.000Z"
    },
    {
      "shortPath": "l2/project.test.ts",
      "versionRef": "144f79c2c2b940e021503b3bb2a63832731206aa",
      "Length": 251,
      "update_at": "2026-02-20T17:54:20.000Z"
    },
    {
      "shortPath": "l2/project.ts",
      "versionRef": "b49f1c20a32cc5cc5e698537bc1968aee42167b7",
      "Length": 299,
      "update_at": "2026-02-20T17:54:20.000Z"
    },
    {
      "shortPath": "l2/pt/aiFeatures.defs.ts",
      "versionRef": "ba2147304d111f53a153d9721ec0002c5d7df511",
      "Length": 83,
      "update_at": "2026-02-25T21:14:23.000Z"
    },
    {
      "shortPath": "l2/pt/aiFeatures.html",
      "versionRef": "2a3dced6510c34b6317910a24aa8c6e116428514",
      "Length": 49,
      "update_at": "2026-02-25T21:14:23.000Z"
    },
    {
      "shortPath": "l2/pt/aiFeatures.less",
      "versionRef": "84e79f28cfd555a9973f7b6c69ebe50aba376888",
      "Length": 324,
      "update_at": "2026-02-25T21:14:23.000Z"
    },
    {
      "shortPath": "l2/pt/aiFeatures.test.ts",
      "versionRef": "5e3c5d943881c18210d575de36e9b4cb7d43a91f",
      "Length": 257,
      "update_at": "2026-02-25T21:14:23.000Z"
    },
    {
      "shortPath": "l2/pt/aiFeatures.ts",
      "versionRef": "4487a645295224849050e62b5d21cd8e94b82561",
      "Length": 10567,
      "update_at": "2026-02-25T21:14:23.000Z"
    },
    {
      "shortPath": "l2/pt/collabMessages.defs.ts",
      "versionRef": "7816855a6a5261df8837897819846e5991c23237",
      "Length": 87,
      "update_at": "2026-02-25T21:14:23.000Z"
    },
    {
      "shortPath": "l2/pt/collabMessages.html",
      "versionRef": "aa502756207c2be01b9a48bf409dad0f808a4657",
      "Length": 57,
      "update_at": "2026-02-25T21:14:23.000Z"
    },
    {
      "shortPath": "l2/pt/collabMessages.less",
      "versionRef": "3e8ba80e855812027fb853d82da90fcd7b5fb7c4",
      "Length": 332,
      "update_at": "2026-02-25T21:14:23.000Z"
    },
    {
      "shortPath": "l2/pt/collabMessages.test.ts",
      "versionRef": "bc138387f8785a4c951c96ee5d604b674bf9a0bc",
      "Length": 261,
      "update_at": "2026-02-25T21:14:23.000Z"
    },
    {
      "shortPath": "l2/pt/collabMessages.ts",
      "versionRef": "5ea7fa2533ff8f5830aaa329fa53e1b326fb4e83",
      "Length": 11403,
      "update_at": "2026-02-25T21:14:23.000Z"
    },
    {
      "shortPath": "l2/pt/corporate.defs.ts",
      "versionRef": "c27db6413e077ada1ea0a6d9fe524eb8d7c70627",
      "Length": 82,
      "update_at": "2026-02-25T21:14:23.000Z"
    },
    {
      "shortPath": "l2/pt/corporate.html",
      "versionRef": "305c9e0d2a66bcfc327ee5b385317272a36bd077",
      "Length": 46,
      "update_at": "2026-02-25T21:14:23.000Z"
    },
    {
      "shortPath": "l2/pt/corporate.less",
      "versionRef": "4de08c215f5991e20e5bd89ed2239b60f94442fb",
      "Length": 321,
      "update_at": "2026-02-25T21:14:23.000Z"
    },
    {
      "shortPath": "l2/pt/corporate.test.ts",
      "versionRef": "efea0829038f68e7e9b0409dc95374545556bfc7",
      "Length": 256,
      "update_at": "2026-02-25T21:14:23.000Z"
    },
    {
      "shortPath": "l2/pt/corporate.ts",
      "versionRef": "41aad7ca875071ba20fa328897f5037ce681643c",
      "Length": 6859,
      "update_at": "2026-02-25T21:14:23.000Z"
    },
    {
      "shortPath": "l2/pt/initial.defs.ts",
      "versionRef": "503ace7490182eb89f4582eda14c1f19a1034c0f",
      "Length": 80,
      "update_at": "2026-02-25T21:14:23.000Z"
    },
    {
      "shortPath": "l2/pt/initial.html",
      "versionRef": "75d599be58921e6377595c0d2c5ab7264f0027a3",
      "Length": 41,
      "update_at": "2026-02-25T21:14:23.000Z"
    },
    {
      "shortPath": "l2/pt/initial.less",
      "versionRef": "051b04c489e61d7e283a4bdc8a925dd9906a595b",
      "Length": 317,
      "update_at": "2026-02-25T21:14:23.000Z"
    },
    {
      "shortPath": "l2/pt/initial.test.ts",
      "versionRef": "1055f2f35608f658a9c8a94b9f3b3aeb1492dbbd",
      "Length": 254,
      "update_at": "2026-02-25T21:14:23.000Z"
    },
    {
      "shortPath": "l2/pt/initial.ts",
      "versionRef": "1db208d35812be204e6f1779268535bcf6b85532",
      "Length": 7487,
      "update_at": "2026-02-25T21:14:23.000Z"
    },
    {
      "shortPath": "l2/pt/initial2.defs.ts",
      "versionRef": "0fdf6b067705e542d65aafb1244e77500b67aa32",
      "Length": 81,
      "update_at": "2026-02-25T21:14:23.000Z"
    },
    {
      "shortPath": "l2/pt/initial2.html",
      "versionRef": "9c44c2a757321f5dd6c9ddb87beb78c5bacd25a7",
      "Length": 43,
      "update_at": "2026-02-25T21:14:23.000Z"
    },
    {
      "shortPath": "l2/pt/initial2.less",
      "versionRef": "c745b571b09bff9cf9ad2b1655019e2bdb44762a",
      "Length": 319,
      "update_at": "2026-02-25T21:14:23.000Z"
    },
    {
      "shortPath": "l2/pt/initial2.test.ts",
      "versionRef": "ab04ac7c95fccc600ce6a8bb32d8417732a04efa",
      "Length": 255,
      "update_at": "2026-02-25T21:14:23.000Z"
    },
    {
      "shortPath": "l2/pt/initial2.ts",
      "versionRef": "3be653014bac2b791a27f03c5053e25d1357a9b2",
      "Length": 8957,
      "update_at": "2026-02-25T21:14:23.000Z"
    },
    {
      "shortPath": "l2/pt/landingpage.defs.ts",
      "versionRef": "446ff4eb55babdfae4f85108f36496c5c710751d",
      "Length": 84,
      "update_at": "2026-02-25T21:14:23.000Z"
    },
    {
      "shortPath": "l2/pt/landingpage.html",
      "versionRef": "3db7fd0c4600e7b911e06fc92bcff5e48775fc0f",
      "Length": 50,
      "update_at": "2026-02-25T21:14:23.000Z"
    },
    {
      "shortPath": "l2/pt/landingpage.less",
      "versionRef": "4b062cdcdbff6665fdacdd02f32d11a87a6198c5",
      "Length": 324,
      "update_at": "2026-02-25T21:14:23.000Z"
    },
    {
      "shortPath": "l2/pt/landingpage.test.ts",
      "versionRef": "3fcead81501670c01891d38cfadc513ada27f910",
      "Length": 258,
      "update_at": "2026-02-25T21:14:23.000Z"
    },
    {
      "shortPath": "l2/pt/landingpage.ts",
      "versionRef": "5c32867f0684c5b9588b5dd22d78631a91fedc89",
      "Length": 13654,
      "update_at": "2026-02-25T21:14:23.000Z"
    },
    {
      "shortPath": "l2/pt/policy.defs.ts",
      "versionRef": "4f02ce752a9c81bf5d4aa30aad8bfd0922a6b13f",
      "Length": 79,
      "update_at": "2026-02-25T21:14:23.000Z"
    },
    {
      "shortPath": "l2/pt/policy.html",
      "versionRef": "6cf1100c27c88b667b8bfe0e20fc0e5b7755c3f4",
      "Length": 39,
      "update_at": "2026-02-25T21:14:23.000Z"
    },
    {
      "shortPath": "l2/pt/policy.less",
      "versionRef": "978feb97477942796306bace2c12aabffc09e2e9",
      "Length": 314,
      "update_at": "2026-02-25T21:14:23.000Z"
    },
    {
      "shortPath": "l2/pt/policy.test.ts",
      "versionRef": "423ed4b67c30bd1add52591db99cdd5e4f4cd5aa",
      "Length": 253,
      "update_at": "2026-02-25T21:14:23.000Z"
    },
    {
      "shortPath": "l2/pt/policy.ts",
      "versionRef": "47800fd23fc24ab625d779738ab50b2e0776be82",
      "Length": 9777,
      "update_at": "2026-02-25T21:14:23.000Z"
    },
    {
      "shortPath": "l2/pt/terms.defs.ts",
      "versionRef": "83993746e601b46b1c2ff6667a02c5bc9e797085",
      "Length": 78,
      "update_at": "2026-02-25T21:14:23.000Z"
    },
    {
      "shortPath": "l2/pt/terms.html",
      "versionRef": "457252f7fcec7612191840b45b6520ac70012b68",
      "Length": 37,
      "update_at": "2026-02-25T21:14:23.000Z"
    },
    {
      "shortPath": "l2/pt/terms.less",
      "versionRef": "aa370cecd6cf1aaaded61a1f405812c2e33ff60e",
      "Length": 313,
      "update_at": "2026-02-25T21:14:23.000Z"
    },
    {
      "shortPath": "l2/pt/terms.test.ts",
      "versionRef": "ba7b3939156dfe86868bc366c852d91f6746194e",
      "Length": 252,
      "update_at": "2026-02-25T21:14:23.000Z"
    },
    {
      "shortPath": "l2/pt/terms.ts",
      "versionRef": "f468c563c0e60be23ee23e433928fb3c38943e73",
      "Length": 10665,
      "update_at": "2026-02-25T21:14:23.000Z"
    },
    {
      "shortPath": "l5/project.json",
      "versionRef": "dd83bc42f62f3501e7ace249f2769b1dc75a71c1",
      "Length": 375,
      "update_at": "2026-02-20T17:54:20.000Z"
    },
    {
      "shortPath": "l0/package.json",
      "versionRef": "c5432149d5721684af9108995c2060edc712c6ad",
      "Length": 470,
      "update_at": "2026-02-20T17:49:34.000Z"
    },
    {
      "shortPath": "l0/tsconfig.json",
      "versionRef": "8a3b9f2a29f80701d30e14474980ed20a330a1bc",
      "Length": 1041,
      "update_at": "2026-02-20T17:49:35.000Z"
    }
  ]
}